algorithm,operation,iterations,mean_ms,median_ms,min_ms,max_ms,std_ms,public_key_size_bytes,signature_size_bytes,verify_success_rate
FALCON-512,keygen,20,6.748589,6.075133,5.018893,10.127103,1.460591,897,654,1.0000
FALCON-512,sign,20,0.204934,0.200318,0.196319,0.240466,0.011548,897,654,1.0000
FALCON-512,verify,20,0.039381,0.038188,0.037897,0.046060,0.002200,897,654,1.0000
ECDSA-P256,keygen,20,0.013230,0.012834,0.012606,0.018495,0.001288,91,71,1.0000
ECDSA-P256,sign,20,0.023947,0.023049,0.022581,0.038843,0.003454,91,71,1.0000
ECDSA-P256,verify,20,0.064125,0.062334,0.061886,0.073351,0.003188,91,71,1.0000
