algorithm,operation,iterations,mean_ms,median_ms,min_ms,max_ms,std_ms,public_key_size_bytes,signature_size_bytes,verify_success_rate
FALCON-512,keygen,20,6.727240,5.934170,5.214435,13.709615,2.012992,897,652,1.0000
FALCON-512,sign,20,0.213451,0.204685,0.194330,0.286044,0.022490,897,652,1.0000
FALCON-512,verify,20,0.041233,0.038177,0.037980,0.083105,0.009812,897,652,1.0000
ECDSA-P256,keygen,20,0.012976,0.012679,0.012387,0.016544,0.000946,91,71,1.0000
ECDSA-P256,sign,20,0.023955,0.022953,0.022428,0.040878,0.003923,91,71,1.0000
ECDSA-P256,verify,20,0.071341,0.062985,0.061872,0.160553,0.021611,91,71,1.0000
