algorithm,operation,iterations,mean_ms,median_ms,min_ms,max_ms,std_ms,public_key_size_bytes,signature_size_bytes,verify_success_rate
FALCON-512,keygen,100,6.374205,5.829354,4.430898,14.715589,1.821149,897,652,1.0000
FALCON-512,sign,100,0.200915,0.197750,0.181126,0.273526,0.016681,897,652,1.0000
FALCON-512,verify,100,0.038230,0.037866,0.034307,0.049309,0.002572,897,652,1.0000
ECDSA-P256,keygen,100,0.012134,0.012422,0.011248,0.019447,0.001187,91,71,1.0000
ECDSA-P256,sign,100,0.025394,0.022995,0.022365,0.043825,0.003897,91,71,1.0000
ECDSA-P256,verify,100,0.063306,0.061894,0.061387,0.094477,0.005042,91,71,1.0000
