algorithm,operation,iterations,mean_ms,median_ms,min_ms,max_ms,std_ms,public_key_size_bytes,signature_size_bytes,verify_success_rate
FALCON-512,keygen,20,6.276947,5.779611,4.561611,9.593428,1.333371,897,657,1.0000
FALCON-512,sign,20,0.201394,0.200097,0.195883,0.219714,0.004918,897,657,1.0000
FALCON-512,verify,20,0.040831,0.038171,0.037863,0.083094,0.009772,897,657,1.0000
ECDSA-P256,keygen,20,0.012143,0.011455,0.011326,0.018076,0.001687,91,71,1.0000
ECDSA-P256,sign,20,0.021366,0.020920,0.020545,0.028971,0.001770,91,71,1.0000
ECDSA-P256,verify,20,0.057164,0.056461,0.056065,0.063599,0.001989,91,71,1.0000
